Incumbent,Party,Candidate Name,Percentage,State Code,District,Vote,State
incumbent,Republican,Carl,84.2%,AL,1st,"139,854",Alabama 
/,Libertarian Party,Remrey,15.8%,AL,1st,"26,197",Alabama 
incumbent,Republican,Moore,69.2%,AL,2nd,"137,193",Alabama 
/,Democratic,Harvey-Hall,29.1%,AL,2nd,"57,800",Alabama 
/,Libertarian Party,Realz,1.7%,AL,2nd,"3,380",Alabama 
incumbent,Republican,Rogers,71.3%,AL,3rd,"135,448",Alabama 
/,Democratic,Veasey,25.1%,AL,3rd,"47,770",Alabama 
/,/,Bell,2.0%,AL,3rd,"3,826",Alabama 
/,Libertarian Party,Casson,1.6%,AL,3rd,"3,027",Alabama 
incumbent,Republican,Aderholt,84.2%,AL,4th,"164,371",Alabama 
/,Democratic,Neighbors,13.6%,AL,4th,"26,628",Alabama 
/,Libertarian Party,Cochran,2.2%,AL,4th,"4,294",Alabama 
incumbent,Republican,Strong,67.2%,AL,5th,"141,988",Alabama 
/,Democratic,Warner-Stanton,29.6%,AL,5th,"62,466",Alabama 
/,Libertarian Party,Greer,3.2%,AL,5th,"6,740",Alabama 
incumbent,Republican,Palmer,84.7%,AL,6th,"154,058",Alabama 
/,Libertarian Party,Chieffo,15.3%,AL,6th,"27,792",Alabama 
incumbent,Democratic,Sewell,63.6%,AL,7th,"123,060",Alabama 
/,Republican,Nichols,34.8%,AL,7th,"67,353",Alabama 
/,Libertarian Party,Goodman,1.7%,AL,7th,"3,207",Alabama 
incumbent,Democratic,Mary Peltola,54.9%,/,/,"136,893",Alaska 
/,Republican,Sarah Palin,45.1%,/,/,"112,255",Alaska 
/,Republican,Nick Begich,0.0%,/,/,0,Alaska 
incumbent,Republican,Schweikert,50.4%,01,1st,"182,336",Arizona 
/,Democratic,Hodge,49.6%,01,1st,"179,141",Arizona 
incumbent,Republican,Crane,53.9%,01,2nd,"174,169",Arizona 
/,Democratic,O'Halleran,46.1%,01,2nd,"149,150",Arizona 
incumbent,Democratic,Gallego,77.0%,01,3rd,"108,599",Arizona 
/,Republican,Zink,23.0%,01,3rd,"32,475",Arizona 
incumbent,Democratic,Stanton,56.1%,01,4th,"148,941",Arizona 
/,Republican,Cooper,43.9%,01,4th,"116,521",Arizona 
incumbent,Republican,Biggs,56.7%,01,5th,"182,464",Arizona 
/,Democratic,Ramos,37.4%,01,5th,"120,243",Arizona 
/,Ind.,Smith,5.9%,01,5th,"18,851",Arizona 
incumbent,Republican,Ciscomani,50.7%,01,6th,"177,201",Arizona 
/,Democratic,Engel,49.3%,01,6th,"171,969",Arizona 
incumbent,Democratic,Grijalva,64.5%,01,7th,"126,418",Arizona 
/,Republican,Pozzolo,35.5%,01,7th,"69,444",Arizona 
incumbent,Republican,Lesko,0,01,8th,0,Arizona 
incumbent,Republican,Gosar,0,01,9th,0,Arizona 
incumbent,Republican,Crawford,73.8%,AR,1st,"152,933",Arkansas 
/,Democratic,Hodges,26.2%,AR,1st,"54,240",Arkansas 
incumbent,Republican,Hill,60.1%,AR,2nd,"147,700",Arkansas 
/,Democratic,Hathaway,35.2%,AR,2nd,"86,553",Arkansas 
/,Libertarian Party,White,4.7%,AR,2nd,"11,564",Arkansas 
incumbent,Republican,Womack,63.7%,AR,3rd,"142,270",Arkansas 
/,Democratic,Mallett-Hays,32.9%,AR,3rd,"73,446",Arkansas 
/,Libertarian Party,Kalagias,3.4%,AR,3rd,"7,637",Arkansas 
incumbent,Republican,Westerman,71.0%,AR,4th,"153,694",Arkansas 
/,Democratic,White,26.2%,AR,4th,"56,661",Arkansas 
/,Libertarian Party,Maxwell,2.8%,AR,4th,"6,087",Arkansas 
incumbent,Republican,LaMalfa,62.1%,02,1st,"152,839",California 
/,Democratic,Steiner,37.9%,02,1st,"93,386",California 
incumbent,Democratic,Huffman,74.4%,02,2nd,"229,720",California 
/,Republican,Brower,25.6%,02,2nd,"79,029",California 
incumbent,Republican,Kiley,53.6%,02,3rd,"181,438",California 
/,Democratic,Jones,46.4%,02,3rd,"156,761",California 
incumbent,Democratic,Thompson,67.8%,02,4th,"176,900",California 
/,Republican,Brock,32.2%,02,4th,"84,007",California 
incumbent,Republican,McClintock,61.3%,02,5th,"173,524",California 
/,Democratic,Barkley,38.7%,02,5th,"109,506",California 
incumbent,Democratic,Bera,55.9%,02,6th,"121,058",California 
/,Republican,Hamilton,44.1%,02,6th,"95,325",California 
incumbent,Democratic,Matsui,68.3%,02,7th,"150,618",California 
/,Republican,Semenenko,31.7%,02,7th,"70,033",California 
incumbent,Democratic,Garamendi,75.7%,02,8th,"145,501",California 
/,Republican,Recile,24.3%,02,8th,"46,634",California 
incumbent,Democratic,Harder,54.8%,02,9th,"95,598",California 
/,Republican,Patti,45.2%,02,9th,"78,802",California 
incumbent,Democratic,DeSaulnier,78.9%,02,10th,"198,415",California 
/,Green Party,Kerr,21.1%,02,10th,"52,965",California 
incumbent,Democratic,Pelosi,84.0%,02,11th,"220,848",California 
/,Republican,Dennis,16.0%,02,11th,"42,217",California 
incumbent,Democratic,Lee,90.5%,02,12th,"217,110",California 
/,Republican,Slauson,9.5%,02,12th,"22,859",California 
incumbent,Republican,Duarte,50.2%,02,13th,"67,060",California 
/,Democratic,Gray,49.8%,02,13th,"66,496",California 
incumbent,Democratic,Swalwell,69.3%,02,14th,"137,612",California 
/,Republican,Hayden,30.7%,02,14th,"60,852",California 
incumbent,Democratic,Mullin,55.5%,02,15th,"108,077",California 
/,Democratic,Canepa,44.5%,02,15th,"86,797",California 
incumbent,Democratic,Eshoo,57.8%,02,16th,"139,235",California 
/,Democratic,Kumar,42.2%,02,16th,"101,772",California 
incumbent,Democratic,Khanna,70.9%,02,17th,"127,853",California 
/,Republican,Tandon,29.1%,02,17th,"52,400",California 
incumbent,Democratic,Lofgren,65.9%,02,18th,"99,776",California 
/,Republican,Hernandez,34.1%,02,18th,"51,737",California 
incumbent,Democratic,Panetta,68.7%,02,19th,"194,494",California 
/,Republican,Gorman,31.3%,02,19th,"88,816",California 
incumbent,Republican,McCarthy,67.2%,02,20th,"153,844",California 
/,Democratic,Wood,32.8%,02,20th,"74,932",California 
incumbent,Democratic,Costa,54.2%,02,21st,"68,074",California 
/,Republican,Maher,45.8%,02,21st,"57,573",California 
incumbent,Republican,Valadao,51.5%,02,22nd,"52,993",California 
/,Democratic,Salas,48.5%,02,22nd,"49,859",California 
incumbent,Republican,Obernolte,61.0%,02,23rd,"103,197",California 
/,Democratic,Marshall,39.0%,02,23rd,"65,908",California 
incumbent,Democratic,Carbajal,60.6%,02,24th,"159,019",California 
/,Republican,Allen,39.4%,02,24th,"103,533",California 
incumbent,Democratic,Ruiz,57.4%,02,25th,"87,641",California 
/,Republican,Hawkins,42.6%,02,25th,"65,101",California 
incumbent,Democratic,Brownley,54.5%,02,26th,"134,575",California 
/,Republican,Jacobs,45.5%,02,26th,"112,214",California 
incumbent,Republican,Garcia,53.2%,02,27th,"104,624",California 
/,Democratic,Smith,46.8%,02,27th,"91,892",California 
incumbent,Democratic,Chu,66.2%,02,28th,"150,062",California 
/,Republican,Hallman,33.8%,02,28th,"76,495",California 
incumbent,Democratic,Cardenas,58.5%,02,29th,"69,915",California 
/,Democratic,Duenas,41.5%,02,29th,"49,520",California 
incumbent,Democratic,Schiff,71.1%,02,30th,"150,100",California 
/,Democratic,Pudlo,28.9%,02,30th,"60,968",California 
incumbent,Democratic,Napolitano,59.5%,02,31st,"91,472",California 
/,Republican,Martinez,40.5%,02,31st,"62,153",California 
incumbent,Democratic,Sherman,69.2%,02,32nd,"167,411",California 
/,Republican,Volotzky,30.8%,02,32nd,"74,618",California 
incumbent,Democratic,Aguilar,57.7%,02,33rd,"76,588",California 
/,Republican,Porter,42.3%,02,33rd,"56,119",California 
incumbent,Democratic,Gomez,51.2%,02,34th,"62,244",California 
/,Democratic,Kim,48.8%,02,34th,"59,223",California 
incumbent,Democratic,Torres,57.4%,02,35th,"75,121",California 
/,Republican,Cargile,42.6%,02,35th,"55,832",California 
incumbent,Democratic,Lieu,69.8%,02,36th,"194,299",California 
/,Republican,Collins,30.2%,02,36th,"84,264",California 
incumbent,Democratic,Kamlager,64.0%,02,37th,"84,338",California 
/,Democratic,Perry,36.0%,02,37th,"47,542",California 
incumbent,Democratic,Sanchez,58.1%,02,38th,"101,260",California 
/,Republican,Ching,41.9%,02,38th,"73,051",California 
incumbent,Democratic,Takano,57.7%,02,39th,"75,896",California 
/,Republican,Smith,42.3%,02,39th,"55,701",California 
incumbent,Republican,Kim,56.8%,02,40th,"161,589",California 
/,Democratic,Mahmood,43.2%,02,40th,"122,722",California 
incumbent,Republican,Calvert,52.3%,02,41st,"123,869",California 
/,Democratic,Rollins,47.7%,02,41st,"112,769",California 
incumbent,Democratic,Garcia,68.4%,02,42nd,"99,217",California 
/,Republican,Briscoe,31.6%,02,42nd,"45,903",California 
incumbent,Democratic,Waters,77.3%,02,43rd,"95,462",California 
/,Republican,Navarro,22.7%,02,43rd,"27,985",California 
incumbent,Democratic,Barragan,72.2%,02,44th,"100,160",California 
/,Republican,Jones,27.8%,02,44th,"38,554",California 
incumbent,Republican,Steel,52.4%,02,45th,"113,960",California 
/,Democratic,Chen,47.6%,02,45th,"103,466",California 
incumbent,Democratic,Correa,61.8%,02,46th,"78,041",California 
/,Republican,Gonzales,38.2%,02,46th,"48,257",California 
incumbent,Democratic,Porter,51.7%,02,47th,"137,374",California 
/,Republican,Baugh,48.3%,02,47th,"128,261",California 
incumbent,Republican,Issa,60.4%,02,48th,"155,171",California 
/,Democratic,Houlahan,39.6%,02,48th,"101,900",California 
incumbent,Democratic,Levin,52.6%,02,49th,"153,541",California 
/,Republican,Maryott,47.4%,02,49th,"138,194",California 
incumbent,Democratic,Peters,62.8%,02,50th,"168,816",California 
/,Republican,Gustafson,37.2%,02,50th,"99,819",California 
incumbent,Democratic,Jacobs,61.9%,02,51st,"144,186",California 
/,Republican,Caplan,38.1%,02,51st,"88,886",California 
incumbent,Democratic,Vargas,66.7%,02,52nd,"100,686",California 
/,Republican,Geffeney,33.3%,02,52nd,"50,330",California 
incumbent,Democratic,DeGette,80.3%,CO,1st,"226,929",Colorado 
/,Republican,Qualteri,17.5%,CO,1st,"49,530",Colorado 
/,Libertarian Party,Kittleson,2.2%,CO,1st,"6,157",Colorado 
incumbent,Democratic,Neguse,70.0%,CO,2nd,"244,107",Colorado 
/,Republican,Dawson,28.0%,CO,2nd,"97,700",Colorado 
/,/,Yurash,0.8%,CO,2nd,"2,876",Colorado 
/,/,Nation,0.6%,CO,2nd,"2,188",Colorado 
/,/,Wolf,0.6%,CO,2nd,"1,968",Colorado 
incumbent,Republican,Boebert,50.1%,CO,3rd,"163,839",Colorado 
/,Democratic,Frisch,49.9%,CO,3rd,"163,293",Colorado 
incumbent,Republican,Buck,60.9%,CO,4th,"216,024",Colorado 
/,Democratic,McCorkle,36.6%,CO,4th,"129,619",Colorado 
/,/,McGonigal,2.5%,CO,4th,"8,870",Colorado 
incumbent,Republican,Lamborn,56.0%,CO,5th,"155,528",Colorado 
/,Democratic,Torres,40.3%,CO,5th,"111,978",Colorado 
/,Libertarian Party,Flanagan,2.5%,CO,5th,"7,079",Colorado 
/,/,Mitchell,1.2%,CO,5th,"3,370",Colorado 
incumbent,Democratic,Crow,60.6%,CO,6th,"170,140",Colorado 
/,Republican,Monahan,37.4%,CO,6th,"105,084",Colorado 
/,Libertarian Party,Mulder,2.0%,CO,6th,"5,531",Colorado 
incumbent,Democratic,Pettersen,56.4%,CO,7th,"204,984",Colorado 
/,Republican,Aadland,41.4%,CO,7th,"150,510",Colorado 
/,Libertarian Party,Klopf,1.7%,CO,7th,"6,187",Colorado 
/,/,Milton,0.5%,CO,7th,"1,828",Colorado 
incumbent,Democratic,Caraveo,48.4%,CO,8th,"114,377",Colorado 
/,Republican,Kirkmeyer,47.7%,CO,8th,"112,745",Colorado 
/,Libertarian Party,Ward,3.9%,CO,8th,"9,280",Colorado 
incumbent,Democratic,Larson,61.4%,CT,1st,"150,355",Connecticut 
/,Republican,Lazor,37.4%,CT,1st,"91,536",Connecticut 
/,Green Party,Sanders,1.2%,CT,1st,"2,848",Connecticut 
incumbent,Democratic,Courtney,58.2%,CT,2nd,"165,947",Connecticut 
/,Republican,France,40.2%,CT,2nd,"114,504",Connecticut 
/,Green Party,Blacker,0.9%,CT,2nd,"2,437",Connecticut 
/,Libertarian Party,Hall,0.8%,CT,2nd,"2,140",Connecticut 
incumbent,Democratic,DeLauro,56.8%,CT,3rd,"137,924",Connecticut 
/,Republican,DeNardis,40.7%,CT,3rd,"98,704",Connecticut 
/,Ind.,Chai,1.7%,CT,3rd,"4,056",Connecticut 
/,Green Party,Paglino,0.8%,CT,3rd,"1,967",Connecticut 
incumbent,Democratic,Himes,59.5%,CT,4th,"140,246",Connecticut 
/,Republican,Stevenson,40.5%,CT,4th,"95,518",Connecticut 
incumbent,Democratic,Hayes,50.4%,CT,5th,"127,795",Connecticut 
/,Republican,Logan,49.6%,CT,5th,"125,834",Connecticut 
incumbent,Democratic,Lisa Rochester,55.5%,/,/,"178,416",Delaware 
/,Republican,Lee Murphy,43.0%,/,/,"138,201",Delaware 
/,Libertarian Party,Cody McNutt,1.0%,/,/,"3,074",Delaware 
/,/,David Rogers,0.6%,/,/,"1,958",Delaware 
incumbent,Republican,Gaetz,67.9%,01,1st,"197,320",Florida 
/,Democratic,Jones,32.1%,01,1st,"93,416",Florida 
incumbent,Republican,Dunn,59.8%,01,2nd,"180,218",Florida 
/,Democratic,Lawson,40.2%,01,2nd,"121,120",Florida 
incumbent,Republican,Cammack,62.5%,01,3rd,"178,090",Florida 
/,Democratic,Hawk,36.3%,01,3rd,"103,342",Florida 
/,/,Brooks,1.2%,01,3rd,"3,410",Florida 
incumbent,Republican,Bean,60.5%,01,4th,"165,678",Florida 
/,Democratic,Holloway,39.5%,01,4th,"108,358",Florida 
incumbent,Republican,Rutherford,0,01,5th,0,Florida 
incumbent,Republican,Waltz,75.3%,01,6th,"226,490",Florida 
/,Libertarian Party,Hannoush,24.7%,01,6th,"74,173",Florida 
incumbent,Republican,Mills,58.5%,01,7th,"177,957",Florida 
/,Democratic,Green,41.5%,01,7th,"126,052",Florida 
incumbent,Republican,Posey,64.9%,01,8th,"222,119",Florida 
/,Democratic,Terry,35.1%,01,8th,"120,050",Florida 
incumbent,Democratic,Soto,53.6%,01,9th,"108,522",Florida 
/,Republican,Moore,46.4%,01,9th,"93,815",Florida 
incumbent,Democratic,Frost,59.0%,01,10th,"117,929",Florida 
/,Republican,Wimbish,39.4%,01,10th,"78,838",Florida 
/,/,Holic,1.0%,01,10th,"2,001",Florida 
/,/,Jain,0.6%,01,10th,"1,110",Florida 
incumbent,Republican,Webster,63.1%,01,11th,"205,989",Florida 
/,Democratic,Munns,35.4%,01,11th,"115,629",Florida 
/,/,Porter,1.5%,01,11th,"4,967",Florida 
incumbent,Republican,Bilirakis,70.4%,01,12th,"226,579",Florida 
/,Democratic,Walker,29.6%,01,12th,"95,368",Florida 
incumbent,Republican,Luna,53.1%,01,13th,"181,473",Florida 
/,Democratic,Lynn,45.1%,01,13th,"153,839",Florida 
/,Libertarian Party,Craft,1.8%,01,13th,"6,158",Florida 
incumbent,Democratic,Castor,56.9%,01,14th,"149,689",Florida 
/,Republican,Judge,43.1%,01,14th,"113,408",Florida 
incumbent,Republican,Lee,58.5%,01,15th,"145,211",Florida 
/,Democratic,Cohn,41.5%,01,15th,"102,816",Florida 
incumbent,Republican,Buchanan,62.2%,01,16th,"189,738",Florida 
/,Democratic,Schneider,37.8%,01,16th,"115,537",Florida 
incumbent,Republican,Steube,63.8%,01,17th,"222,433",Florida 
/,Democratic,Kale,35.5%,01,17th,"123,739",Florida 
/,/,Murray,0.6%,01,17th,"2,222",Florida 
incumbent,Republican,Franklin,74.7%,01,18th,"167,393",Florida 
/,/,Hayden,25.3%,01,18th,"56,622",Florida 
incumbent,Republican,Donalds,68.0%,01,19th,"213,032",Florida 
/,Democratic,Banyai,32.0%,01,19th,"100,198",Florida 
incumbent,Democratic,Cherfilus-McCormick,72.3%,01,20th,"136,192",Florida 
/,Republican,Clark,27.7%,01,20th,"52,150",Florida 
incumbent,Republican,Mast,63.5%,01,21st,"208,592",Florida 
/,Democratic,Balderramos Robinson,36.5%,01,21st,"119,859",Florida 
incumbent,Democratic,Frankel,55.1%,01,22nd,"149,977",Florida 
/,Republican,Franzese,44.9%,01,22nd,"122,187",Florida 
incumbent,Democratic,Moskowitz,51.6%,01,23rd,"143,897",Florida 
/,Republican,Budd,46.8%,01,23rd,"130,669",Florida 
/,/,Scott,1.1%,01,23rd,"3,079",Florida 
/,/,Napier,0.5%,01,23rd,"1,338",Florida 
incumbent,Democratic,Wilson,71.8%,01,24th,"133,416",Florida 
/,Republican,Navarro,28.2%,01,24th,"52,442",Florida 
incumbent,Democratic,Wasserman Schultz,55.1%,01,25th,"129,085",Florida 
/,Republican,Spalding,44.9%,01,25th,"105,227",Florida 
incumbent,Republican,Diaz-Balart,70.9%,01,26th,"143,226",Florida 
/,Democratic,Olivo,29.1%,01,26th,"58,838",Florida 
incumbent,Republican,Salazar,57.3%,01,27th,"136,031",Florida 
/,Democratic,Taddeo,42.7%,01,27th,"101,370",Florida 
incumbent,Republican,Gimenez,63.7%,01,28th,"134,456",Florida 
/,Democratic,Asencio,36.3%,01,28th,"76,647",Florida 
incumbent,Republican,Carter,59.2%,01,1st,"156,016",Georgia 
/,Democratic,Herring,40.8%,01,1st,"107,662",Georgia 
incumbent,Democratic,Bishop,55.0%,01,2nd,"132,501",Georgia 
/,Republican,West,45.0%,01,2nd,"108,579",Georgia 
incumbent,Republican,Ferguson,68.8%,01,3rd,"213,461",Georgia 
/,Democratic,Almonord,31.2%,01,3rd,"96,799",Georgia 
incumbent,Democratic,Johnson,78.5%,01,4th,"216,247",Georgia 
/,Republican,Chavez,21.5%,01,4th,"59,272",Georgia 
incumbent,Democratic,Williams,82.5%,01,5th,"243,471",Georgia 
/,Republican,Zimm,17.5%,01,5th,"51,754",Georgia 
incumbent,Republican,McCormick,62.2%,01,6th,"206,783",Georgia 
/,Democratic,Christian,37.8%,01,6th,"125,552",Georgia 
incumbent,Democratic,McBath,61.0%,01,7th,"142,852",Georgia 
/,Republican,Gonsalves,39.0%,01,7th,"91,195",Georgia 
incumbent,Republican,Scott,68.6%,01,8th,"178,601",Georgia 
/,Democratic,Butler,31.4%,01,8th,"81,773",Georgia 
incumbent,Republican,Clyde,72.4%,01,9th,"212,672",Georgia 
/,Democratic,Ford,27.6%,01,9th,"81,206",Georgia 
incumbent,Republican,Collins,64.5%,01,10th,"198,413",Georgia 
/,Democratic,Johnson-Green,35.5%,01,10th,"109,075",Georgia 
incumbent,Republican,Loudermilk,62.6%,01,11th,"190,035",Georgia 
/,Democratic,Daza,37.4%,01,11th,"113,535",Georgia 
incumbent,Republican,Allen,59.6%,01,12th,"157,951",Georgia 
/,Democratic,Johnson,40.4%,01,12th,"107,089",Georgia 
incumbent,Democratic,Scott,81.8%,01,13th,"216,150",Georgia 
/,Republican,Gonzales,18.2%,01,13th,"48,209",Georgia 
incumbent,Republican,Greene,65.9%,01,14th,"170,003",Georgia 
/,Democratic,Flowers,34.1%,01,14th,"88,074",Georgia 
incumbent,Democratic,Case,73.7%,HI,1st,"142,742",Hawaii 
/,Republican,Kress,26.3%,HI,1st,"50,833",Hawaii 
incumbent,Democratic,Tokuda,62.3%,HI,2nd,"127,995",Hawaii 
/,Republican,Akana,35.2%,HI,2nd,"72,455",Hawaii 
/,Libertarian Party,Tippens,2.5%,HI,2nd,"5,108",Hawaii 
incumbent,Republican,Fulcher,71.3%,ID,1st,"222,891",Idaho 
/,Democratic,Peterson,26.3%,ID,1st,"82,261",Idaho 
/,Libertarian Party,Drake,2.3%,ID,1st,"7,274",Idaho 
incumbent,Republican,Simpson,63.6%,ID,2nd,"172,456",Idaho 
/,Democratic,Norman,36.4%,ID,2nd,"98,635",Idaho 
incumbent,Democratic,Jackson,66.3%,01,1st,"151,468",Illinois 
/,Republican,Carlson,33.7%,01,1st,"77,146",Illinois 
incumbent,Democratic,Kelly,66.8%,01,2nd,"137,854",Illinois 
/,Republican,Lynch,33.2%,01,2nd,"68,369",Illinois 
incumbent,Democratic,Ramirez,67.0%,01,3rd,"111,799",Illinois 
/,Republican,Burau,33.0%,01,3rd,"55,063",Illinois 
incumbent,Democratic,Garcia,68.0%,01,4th,"87,987",Illinois 
/,Republican,Falakos,28.6%,01,4th,"36,960",Illinois 
/,/,Hershey,3.4%,01,4th,"4,435",Illinois 
incumbent,Democratic,Quigley,67.9%,01,5th,"172,040",Illinois 
/,Republican,Hanson,30.5%,01,5th,"77,185",Illinois 
/,Ind.,Cruz,1.6%,01,5th,"4,135",Illinois 
incumbent,Democratic,Casten,54.1%,01,6th,"148,279",Illinois 
/,Republican,Pekau,45.9%,01,6th,"125,625",Illinois 
incumbent,Democratic,Davis,0,01,7th,0,Illinois 
incumbent,Democratic,Krishnamoorthi,56.9%,01,8th,"117,475",Illinois 
/,Republican,Dargis,43.1%,01,8th,"89,151",Illinois 
incumbent,Democratic,Schakowsky,70.9%,01,9th,"169,009",Illinois 
/,Republican,Rice,29.1%,01,9th,"69,324",Illinois 
incumbent,Democratic,Schneider,62.3%,01,10th,"144,489",Illinois 
/,Republican,Severino,37.7%,01,10th,"87,528",Illinois 
incumbent,Democratic,Foster,56.1%,01,11th,"145,303",Illinois 
/,Republican,Lauf,43.9%,01,11th,"113,650",Illinois 
incumbent,Republican,Bost,75.4%,01,12th,"213,438",Illinois 
/,Democratic,Markel,24.6%,01,12th,"69,581",Illinois 
incumbent,Democratic,Budzinski,55.9%,01,13th,"136,123",Illinois 
/,Republican,Deering,44.1%,01,13th,"107,357",Illinois 
incumbent,Democratic,Underwood,54.1%,01,14th,"127,458",Illinois 
/,Republican,Gryder,45.9%,01,14th,"108,045",Illinois 
incumbent,Republican,Miller,71.4%,01,15th,"209,191",Illinois 
/,Democratic,Lange,28.6%,01,15th,"83,765",Illinois 
incumbent,Republican,LaHood,66.6%,01,16th,"196,009",Illinois 
/,Democratic,Haderlein,33.4%,01,16th,"98,188",Illinois 
incumbent,Democratic,Sorensen,51.8%,01,17th,"119,601",Illinois 
/,Republican,King,48.2%,01,17th,"111,457",Illinois 
incumbent,Democratic,Mrvan,52.8%,02,1st,"112,539",Indiana 
/,Republican,Green,47.2%,02,1st,"100,486",Indiana 
incumbent,Republican,Yakym,64.6%,02,2nd,"125,222",Indiana 
/,Democratic,Steury,32.4%,02,2nd,"62,726",Indiana 
/,Libertarian Party,Henry,3.0%,02,2nd,"5,782",Indiana 
incumbent,Republican,Yakym,63.5%,02,2nd,"118,650",Indiana 
/,Democratic,Steury,33.5%,02,2nd,"62,547",Indiana 
/,Libertarian Party,Henry,3.0%,02,2nd,"5,588",Indiana 
incumbent,Republican,Banks,65.3%,02,3rd,"131,252",Indiana 
/,Democratic,Snyder,30.0%,02,3rd,"60,312",Indiana 
/,Ind.,Gotsch,4.7%,02,3rd,"9,354",Indiana 
incumbent,Republican,Baird,68.2%,02,4th,"134,442",Indiana 
/,Democratic,Day,31.8%,02,4th,"62,668",Indiana 
incumbent,Republican,Spartz,61.1%,02,5th,"146,496",Indiana 
/,Democratic,Lake,38.9%,02,5th,"93,373",Indiana 
incumbent,Republican,Pence,67.5%,02,6th,"130,482",Indiana 
/,Democratic,Wirth,32.5%,02,6th,"62,743",Indiana 
incumbent,Democratic,Carson,66.9%,02,7th,"116,870",Indiana 
/,Republican,Grabovsky,30.6%,02,7th,"53,487",Indiana 
/,Libertarian Party,Maple,2.4%,02,7th,"4,227",Indiana 
incumbent,Republican,Bucshon,65.7%,02,8th,"141,746",Indiana 
/,Democratic,McCormick,31.5%,02,8th,"67,947",Indiana 
/,Libertarian Party,Horning,2.8%,02,8th,"5,930",Indiana 
incumbent,Republican,Houchin,62.9%,02,9th,"138,765",Indiana 
/,Democratic,Fyfe,34.3%,02,9th,"75,631",Indiana 
/,Libertarian Party,Millis,2.9%,02,9th,"6,370",Indiana 
incumbent,Republican,Miller-Meeks,53.4%,IA,1st,"162,947",Iowa 
/,Democratic,Bohannan,46.6%,IA,1st,"142,223",Iowa 
incumbent,Republican,Hinson,54.1%,IA,2nd,"172,167",Iowa 
/,Democratic,Mathis,45.9%,IA,2nd,"145,930",Iowa 
incumbent,Republican,Nunn,50.3%,IA,3rd,"156,261",Iowa 
/,Democratic,Axne,49.7%,IA,3rd,"154,117",Iowa 
incumbent,Republican,Feenstra,67.4%,IA,4th,"186,467",Iowa 
/,Democratic,Melton,30.4%,IA,4th,"84,229",Iowa 
/,/,Holder,2.2%,IA,4th,"6,035",Iowa 
incumbent,Republican,Mann,67.8%,KS,1st,"159,258",Kansas 
/,Democratic,Beard,32.2%,KS,1st,"75,726",Kansas 
incumbent,Republican,LaTurner,57.6%,KS,2nd,"132,765",Kansas 
/,Democratic,Schmidt,42.4%,KS,2nd,"97,580",Kansas 
incumbent,Democratic,Davids,54.9%,KS,3rd,"163,138",Kansas 
/,Republican,Adkins,42.8%,KS,3rd,"127,164",Kansas 
/,Libertarian Party,Hohe,2.3%,KS,3rd,"6,803",Kansas 
incumbent,Republican,Estes,63.5%,KS,4th,"142,863",Kansas 
/,Democratic,Hernandez,36.5%,KS,4th,"82,138",Kansas 
incumbent,Republican,Comer,74.9%,KY,1st,"184,103",Kentucky 
/,Democratic,Ausbrooks,25.1%,KY,1st,"61,693",Kentucky 
incumbent,Republican,Guthrie,71.9%,KY,2nd,"170,486",Kentucky 
/,Democratic,Linderman,28.1%,KY,2nd,"66,767",Kentucky 
incumbent,Democratic,McGarvey,62.0%,KY,3rd,"160,853",Kentucky 
/,Republican,Ray,38.0%,KY,3rd,"98,622",Kentucky 
incumbent,Republican,Massie,65.0%,KY,4th,"167,541",Kentucky 
/,Democratic,Lehman,31.0%,KY,4th,"79,977",Kentucky 
/,Ind.,Osborne,3.9%,KY,4th,"10,111",Kentucky 
incumbent,Republican,Rogers,82.2%,KY,5th,"177,714",Kentucky 
/,Democratic,Halbleib,17.8%,KY,5th,"38,549",Kentucky 
incumbent,Republican,Barr,65.1%,KY,6th,"154,760",Kentucky 
/,Democratic,Young,34.9%,KY,6th,"83,003",Kentucky 
incumbent,Republican,Scalise,72.8%,LA,1st,"177,642",Louisiana 
/,Democratic,Darling,25.2%,LA,1st,"61,458",Louisiana 
/,Libertarian Party,Kearney,2.0%,LA,1st,"4,906",Louisiana 
incumbent,Democratic,Carter,77.1%,LA,2nd,"158,120",Louisiana 
/,Republican,Lux,22.9%,LA,2nd,"46,926",Louisiana 
incumbent,Republican,Higgins,64.3%,LA,3rd,"144,423",Louisiana 
/,Republican,Hoggatt,10.9%,LA,3rd,"24,474",Louisiana 
/,Democratic,LeBlanc,10.5%,LA,3rd,"23,641",Louisiana 
/,Democratic,LeBrun,9.4%,LA,3rd,"21,172",Louisiana 
/,Republican,Payne,1.8%,LA,3rd,"4,012",Louisiana 
/,Ind.,Wiggins,1.4%,LA,3rd,"3,255",Louisiana 
/,Republican,Shaheen,0.9%,LA,3rd,"1,955",Louisiana 
/,Libertarian Party,McLendon,0.7%,LA,3rd,"1,620",Louisiana 
incumbent,Republican,Johnson,0,LA,4th,0,Louisiana 
incumbent,Republican,Letlow,67.6%,LA,5th,"151,080",Louisiana 
/,Democratic,Dantzler,15.7%,LA,5th,"35,149",Louisiana 
/,Democratic,Huff,8.7%,LA,5th,"19,383",Louisiana 
/,Republican,Guillory,5.4%,LA,5th,"12,159",Louisiana 
/,Republican,Pullen,2.6%,LA,5th,"5,782",Louisiana 
incumbent,Republican,Graves,80.4%,LA,6th,"189,684",Louisiana 
/,Libertarian Party,Craig,13.0%,LA,6th,"30,709",Louisiana 
/,Republican,Belzer,6.6%,LA,6th,"15,535",Louisiana 
incumbent,Democratic,Pingree,62.8%,ME,1st,"218,630",Maine 
/,Republican,Thelander,37.1%,ME,1st,"128,996",Maine 
/,/,Total Write-Ins,0.1%,ME,1st,362,Maine 
incumbent,Democratic,Golden,53.1%,ME,2nd,"165,136",Maine 
/,Republican,Poliquin,46.9%,ME,2nd,"146,142",Maine 
/,Ind.,Bond,0.0%,ME,2nd,0,Maine 
incumbent,Republican,Harris,54.5%,MD,1st,"159,673",Maryland 
/,Democratic,Mizeur,43.2%,MD,1st,"126,511",Maryland 
/,Libertarian Party,Thibeault,2.4%,MD,1st,"6,924",Maryland 
incumbent,Democratic,Ruppersberger,59.3%,MD,2nd,"159,000",Maryland 
/,Republican,Ambrose,40.7%,MD,2nd,"109,081",Maryland 
incumbent,Democratic,Sarbanes,60.2%,MD,3rd,"175,514",Maryland 
/,Republican,Morgan,39.8%,MD,3rd,"115,801",Maryland 
incumbent,Democratic,Ivey,90.3%,MD,4th,"144,204",Maryland 
/,Republican,Warner,9.7%,MD,4th,"15,441",Maryland 
incumbent,Democratic,Hoyer,66.0%,MD,5th,"182,478",Maryland 
/,Republican,Palombi,34.0%,MD,5th,"94,000",Maryland 
incumbent,Democratic,Trone,54.8%,MD,6th,"140,295",Maryland 
/,Republican,Parrott,45.2%,MD,6th,"115,771",Maryland 
incumbent,Democratic,Mfume,82.2%,MD,7th,"151,640",Maryland 
/,Republican,Collier,17.8%,MD,7th,"32,737",Maryland 
incumbent,Democratic,Raskin,80.3%,MD,8th,"211,842",Maryland 
/,Republican,Coll,18.2%,MD,8th,"47,965",Maryland 
/,Libertarian Party,Garcia,1.6%,MD,8th,"4,125",Maryland 
incumbent,Democratic,Neal,61.4%,01,1st,"153,402",Massachusetts 
/,Republican,Martilli,38.6%,01,1st,"96,499",Massachusetts 
incumbent,Democratic,McGovern,66.2%,01,2nd,"178,472",Massachusetts 
/,Republican,Sossa-Paquette,33.8%,01,2nd,"91,100",Massachusetts 
incumbent,Democratic,Trahan,63.8%,01,3rd,"145,507",Massachusetts 
/,Republican,Tran,36.2%,01,3rd,"82,628",Massachusetts 
incumbent,Democratic,Auchincloss,0,01,4th,0,Massachusetts 
incumbent,Democratic,Clark,73.8%,01,5th,"198,617",Massachusetts 
/,Republican,Colarusso,26.2%,01,5th,"70,694",Massachusetts 
incumbent,Democratic,Moulton,62.7%,01,6th,"190,062",Massachusetts 
/,Republican,May,35.4%,01,6th,"107,496",Massachusetts 
/,Libertarian Party,Tashjian,1.9%,01,6th,"5,727",Massachusetts 
incumbent,Democratic,Pressley,84.5%,01,7th,"144,902",Massachusetts 
/,Republican,Palmer,15.5%,01,7th,"26,481",Massachusetts 
incumbent,Democratic,Lynch,69.5%,01,8th,"184,084",Massachusetts 
/,Republican,Burke,30.5%,01,8th,"80,961",Massachusetts 
incumbent,Democratic,Keating,59.4%,01,9th,"193,426",Massachusetts 
/,Republican,Brown,40.6%,01,9th,"131,936",Massachusetts 
incumbent,Republican,Bergman,59.9%,03,1st,"231,652",Michigan 
/,Democratic,Lorinser,37.5%,03,1st,"144,952",Michigan 
/,/,Hakola,1.4%,03,1st,"5,480",Michigan 
/,Libertarian Party,Gale,1.2%,03,1st,"4,569",Michigan 
incumbent,Republican,Moolenaar,63.7%,03,2nd,"215,092",Michigan 
/,Democratic,Hilliard,34.3%,03,2nd,"115,710",Michigan 
/,Libertarian Party,Hewer,2.0%,03,2nd,"6,818",Michigan 
incumbent,Democratic,Scholten,54.8%,03,3rd,"186,109",Michigan 
/,Republican,Gibbs,41.9%,03,3rd,"142,321",Michigan 
/,Libertarian Party,Lewis,2.0%,03,3rd,"6,718",Michigan 
/,/,Palus,1.2%,03,3rd,"4,192",Michigan 
incumbent,Republican,Huizenga,54.4%,03,4th,"185,778",Michigan 
/,Democratic,Alfonso,42.5%,03,4th,"145,041",Michigan 
/,Libertarian Party,Wenke,2.5%,03,4th,"8,525",Michigan 
/,/,Clark,0.7%,03,4th,"2,260",Michigan 
incumbent,Republican,Walberg,62.5%,03,5th,"196,498",Michigan 
/,Democratic,Goldberg,34.9%,03,5th,"109,549",Michigan 
/,Libertarian Party,Peterson,1.6%,03,5th,"5,089",Michigan 
/,/,Scott,1.0%,03,5th,"3,116",Michigan 
incumbent,Democratic,Dingell,65.9%,03,6th,"241,763",Michigan 
/,Republican,Williams,34.1%,03,6th,"125,168",Michigan 
incumbent,Democratic,Slotkin,51.7%,03,7th,"192,828",Michigan 
/,Republican,Barrett,46.3%,03,7th,"172,619",Michigan 
/,Libertarian Party,Dailey,2.0%,03,7th,"7,276",Michigan 
incumbent,Democratic,Kildee,53.1%,03,8th,"178,318",Michigan 
/,Republican,Junge,42.8%,03,8th,"143,845",Michigan 
/,/,Goodwin,2.7%,03,8th,"9,077",Michigan 
/,Libertarian Party,Canny,1.4%,03,8th,"4,580",Michigan 
incumbent,Republican,McClain,63.9%,03,9th,"238,289",Michigan 
/,Democratic,Jaye,33.2%,03,9th,"123,692",Michigan 
/,/,Walkowicz,1.8%,03,9th,"6,570",Michigan 
/,Libertarian Party,Kelts,1.2%,03,9th,"4,349",Michigan 
incumbent,Republican,James,48.8%,03,10th,"159,203",Michigan 
/,Democratic,Marlinga,48.3%,03,10th,"157,602",Michigan 
/,/,Kirby,1.8%,03,10th,"5,905",Michigan 
/,Libertarian Party,Saliba,1.1%,03,10th,"3,524",Michigan 
incumbent,Democratic,Stevens,61.3%,03,11th,"224,080",Michigan 
/,Republican,Ambrose,38.7%,03,11th,"141,312",Michigan 
incumbent,Democratic,Tlaib,70.8%,03,12th,"196,601",Michigan 
/,Republican,Elliott,26.3%,03,12th,"72,889",Michigan 
/,/,Walkowicz,2.9%,03,12th,"8,046",Michigan 
incumbent,Democratic,Thanedar,71.1%,03,13th,"166,203",Michigan 
/,Republican,Bivings,24.0%,03,13th,"56,111",Michigan 
/,/,Coleman,3.8%,03,13th,"8,811",Michigan 
/,/,Dardzinski,1.2%,03,13th,"2,763",Michigan 
incumbent,Republican,Finstad,53.9%,MN,1st,"159,621",Minnesota 
/,Democratic,Ettinger,42.3%,MN,1st,"125,457",Minnesota 
/,/,Reisdorf,2.2%,MN,1st,"6,389",Minnesota 
/,/,Abrahamson,1.7%,MN,1st,"4,943",Minnesota 
incumbent,Democratic,Craig,51.0%,MN,2nd,"165,583",Minnesota 
/,Republican,Kistner,45.7%,MN,2nd,"148,576",Minnesota 
/,/,Overby,3.3%,MN,2nd,"10,728",Minnesota 
incumbent,Democratic,Phillips,59.6%,MN,3rd,"198,883",Minnesota 
/,Republican,Weiler,40.4%,MN,3rd,"134,797",Minnesota 
incumbent,Democratic,McCollum,67.7%,MN,4th,"200,055",Minnesota 
/,Republican,Xiong,32.3%,MN,4th,"95,493",Minnesota 
incumbent,Democratic,Omar,75.2%,MN,5th,"214,224",Minnesota 
/,Republican,Davis,24.8%,MN,5th,"70,702",Minnesota 
incumbent,Republican,Emmer,62.1%,MN,6th,"198,145",Minnesota 
/,Democratic,Hendricks,37.9%,MN,6th,"120,852",Minnesota 
incumbent,Republican,Fischbach,67.0%,MN,7th,"204,766",Minnesota 
/,Democratic,Abahsain,27.6%,MN,7th,"84,455",Minnesota 
/,/,Johnson,5.4%,MN,7th,"16,421",Minnesota 
incumbent,Republican,Stauber,57.2%,MN,8th,"188,755",Minnesota 
/,Democratic,Schultz,42.8%,MN,8th,"141,009",Minnesota 
incumbent,Republican,Kelly,73.0%,MS,1st,"122,152",Mississippi 
/,Democratic,Black,27.0%,MS,1st,"45,238",Mississippi 
incumbent,Democratic,Thompson,60.1%,MS,2nd,"108,285",Mississippi 
/,Republican,Flowers,39.9%,MS,2nd,"71,884",Mississippi 
incumbent,Republican,Guest,70.7%,MS,3rd,"132,481",Mississippi 
/,Democratic,Young,29.3%,MS,3rd,"54,803",Mississippi 
incumbent,Republican,Ezell,73.3%,MS,4th,"127,813",Mississippi 
/,Democratic,DuPree,24.6%,MS,4th,"42,876",Mississippi 
/,Libertarian Party,Johnson,2.0%,MS,4th,"3,569",Mississippi 
incumbent,Democratic,Bush,72.8%,MO,1st,"160,042",Missouri 
/,Republican,Jones,24.4%,MO,1st,"53,572",Missouri 
/,Libertarian Party,Zsidisin,2.8%,MO,1st,"6,166",Missouri 
incumbent,Republican,Wagner,54.9%,MO,2nd,"173,035",Missouri 
/,Democratic,Gunby,43.0%,MO,2nd,"135,639",Missouri 
/,Libertarian Party,Slantz,2.1%,MO,2nd,"6,486",Missouri 
incumbent,Republican,Luetkemeyer,65.2%,MO,3rd,"180,358",Missouri 
/,Democratic,Mann,34.8%,MO,3rd,"96,465",Missouri 
incumbent,Republican,Alford,71.3%,MO,4th,"181,023",Missouri 
/,Democratic,Truman,26.3%,MO,4th,"66,671",Missouri 
/,Libertarian Party,Langkraehr,2.4%,MO,4th,"6,090",Missouri 
incumbent,Democratic,Cleaver,60.9%,MO,5th,"139,882",Missouri 
/,Republican,Turk,36.5%,MO,5th,"83,794",Missouri 
/,Libertarian Party,Dominick,2.5%,MO,5th,"5,830",Missouri 
incumbent,Republican,Graves,70.3%,MO,6th,"184,070",Missouri 
/,Democratic,Martin,27.5%,MO,6th,"71,939",Missouri 
/,Libertarian Party,Maidment,2.2%,MO,6th,"5,745",Missouri 
incumbent,Republican,Burlison,70.9%,MO,7th,"177,957",Missouri 
/,Democratic,Radaker-Sheafer,26.7%,MO,7th,"67,082",Missouri 
/,Libertarian Party,Craig,2.3%,MO,7th,"5,839",Missouri 
incumbent,Republican,Smith,76.0%,MO,8th,"186,259",Missouri 
/,Democratic,McCallian,21.9%,MO,8th,"53,661",Missouri 
/,Libertarian Party,Higgins,2.1%,MO,8th,"5,175",Missouri 
incumbent,Republican,Zinke,49.6%,MT,1st,"123,102",Montana 
/,Democratic,Tranel,46.5%,MT,1st,"115,265",Montana 
/,Libertarian Party,Lamb,3.9%,MT,1st,"9,593",Montana 
incumbent,Republican,Rosendale,56.6%,MT,2nd,"121,979",Montana 
/,Ind.,Buchanan,21.9%,MT,2nd,"47,195",Montana 
/,Democratic,Ronning,20.2%,MT,2nd,"43,480",Montana 
/,Libertarian Party,Rankin,1.4%,MT,2nd,"3,018",Montana 
incumbent,Republican,Flood,58.1%,NE,1st,"127,671",Nebraska 
/,Democratic,Pansing Brooks,41.9%,NE,1st,"91,940",Nebraska 
incumbent,Republican,Bacon,51.5%,NE,2nd,"111,388",Nebraska 
/,Democratic,Vargas,48.5%,NE,2nd,"104,868",Nebraska 
incumbent,Republican,Smith,78.3%,NE,3rd,"171,967",Nebraska 
/,Democratic,Else,15.8%,NE,3rd,"34,703",Nebraska 
/,/,Elworth,5.9%,NE,3rd,"12,915",Nebraska 
incumbent,Democratic,Titus,51.6%,NV,1st,"114,916",Nevada 
/,Republican,Robertson,45.9%,NV,1st,"102,355",Nevada 
/,Libertarian Party,Cavanaugh,2.5%,NV,1st,"5,502",Nevada 
incumbent,Republican,Amodei,59.7%,NV,2nd,"181,689",Nevada 
/,Democratic,Krause,37.9%,NV,2nd,"115,186",Nevada 
/,/,Best,1.3%,NV,2nd,"4,076",Nevada 
/,Libertarian Party,Baber,1.1%,NV,2nd,"3,351",Nevada 
incumbent,Democratic,Lee,52.0%,NV,3rd,"130,237",Nevada 
/,Republican,Becker,48.0%,NV,3rd,"120,102",Nevada 
incumbent,Democratic,Horsford,52.4%,NV,4th,"115,836",Nevada 
/,Republican,Peters,47.6%,NV,4th,"105,037",Nevada 
incumbent,Democratic,Pappas,54.0%,NH,1st,"166,852",New Hampshire 
/,Republican,Leavitt,46.0%,NH,1st,"141,899",New Hampshire 
incumbent,Democratic,McLane Kuster,55.9%,NH,2nd,"171,733",New Hampshire 
/,Republican,Burns,44.1%,NH,2nd,"135,567",New Hampshire 
incumbent,Democratic,Norcross,62.3%,01,1st,"139,559",New Jersey 
/,Republican,Gustafson,35.2%,01,1st,"78,794",New Jersey 
/,Ind.,Kline,1.5%,01,1st,"3,343",New Jersey 
incumbent,Republican,Van Drew,58.9%,01,2nd,"139,216",New Jersey 
/,Democratic,Alexander,40.0%,01,2nd,"94,521",New Jersey 
/,Ind.,Gallo,0.8%,01,2nd,"1,825",New Jersey 
/,Ind.,Sanchez,0.4%,01,2nd,920,New Jersey 
incumbent,Democratic,Kim,55.5%,01,3rd,"150,497",New Jersey 
/,Republican,Healey,43.6%,01,3rd,"118,413",New Jersey 
/,Ind.,Russomanno,0.5%,01,3rd,"1,347",New Jersey 
/,Ind.,Sobocinski,0.4%,01,3rd,"1,116",New Jersey 
incumbent,Republican,Smith,66.9%,01,4th,"173,288",New Jersey 
/,Democratic,Jenkins,31.4%,01,4th,"81,233",New Jersey 
/,Ind.,Cullen,0.7%,01,4th,"1,902",New Jersey 
incumbent,Democratic,Gottheimer,54.7%,01,5th,"145,559",New Jersey 
/,Republican,Pallotta,44.3%,01,5th,"117,873",New Jersey 
/,Ind.,Marcus,0.4%,01,5th,"1,193",New Jersey 
incumbent,Democratic,Pallone,57.5%,01,6th,"106,238",New Jersey 
/,Republican,Kiley,41.0%,01,6th,"75,839",New Jersey 
/,Ind.,Fisher,0.7%,01,6th,"1,361",New Jersey 
incumbent,Republican,Kean Jr.,51.4%,01,7th,"159,392",New Jersey 
/,Democratic,Malinowski,48.6%,01,7th,"150,701",New Jersey 
incumbent,Democratic,Menendez,73.6%,01,8th,"78,371",New Jersey 
/,Republican,Arroyo,23.4%,01,8th,"24,956",New Jersey 
/,Ind.,Kuniansky,1.0%,01,8th,"1,016",New Jersey 
incumbent,Democratic,Pascrell,55.0%,01,9th,"82,457",New Jersey 
/,Republican,Prempeh,43.6%,01,9th,"65,365",New Jersey 
/,Ind.,Sherman,0.7%,01,9th,"1,108",New Jersey 
/,Ind.,Armstrong,0.7%,01,9th,"1,054",New Jersey 
incumbent,Democratic,Payne Jr.,77.6%,01,10th,"100,644",New Jersey 
/,Republican,Pinckney,20.0%,01,10th,"25,984",New Jersey 
/,Ind.,Johnson,1.5%,01,10th,"1,989",New Jersey 
incumbent,Democratic,Sherrill,59.0%,01,11th,"161,238",New Jersey 
/,Republican,DeGroot,40.2%,01,11th,"109,944",New Jersey 
/,Ind.,Biasco,0.8%,01,11th,"2,276",New Jersey 
incumbent,Democratic,Watson Coleman,63.1%,01,12th,"125,127",New Jersey 
/,Republican,Mayfield,35.9%,01,12th,"71,175",New Jersey 
/,Ind.,Genrich,1.0%,01,12th,"1,925",New Jersey 
incumbent,Democratic,Stansbury,55.8%,NM,1st,"156,386",New Mexico 
/,Republican,Garcia Holmes,44.2%,NM,1st,"124,115",New Mexico 
incumbent,Democratic,Vasquez,50.3%,NM,2nd,"96,984",New Mexico 
/,Republican,Herrell,49.7%,NM,2nd,"95,638",New Mexico 
incumbent,Democratic,Leger Fernandez,58.2%,NM,3rd,"134,195",New Mexico 
/,Republican,Martinez Johnson,41.8%,NM,3rd,"96,560",New Mexico 
incumbent,Republican,LaLota,55.9%,05,1st,"173,275",New York 
/,Democratic,Fleming,44.1%,05,1st,"136,899",New York 
incumbent,Republican,Garbarino,61.0%,05,2nd,"148,654",New York 
/,Democratic,Gordon,39.0%,05,2nd,"95,217",New York 
incumbent,Republican,Santos,54.1%,05,3rd,"142,673",New York 
/,Democratic,Zimmerman,45.9%,05,3rd,"121,094",New York 
incumbent,Republican,D'Esposito,51.9%,05,4th,"139,063",New York 
/,Democratic,Gillen,48.1%,05,4th,"129,077",New York 
incumbent,Democratic,Meeks,75.2%,05,5th,"97,981",New York 
/,Republican,King,24.8%,05,5th,"32,393",New York 
incumbent,Democratic,Meng,63.3%,05,6th,"79,506",New York 
/,Republican,Zmich,36.7%,05,6th,"46,188",New York 
incumbent,Democratic,Velazquez,80.5%,05,7th,"111,968",New York 
/,Republican,Pagan,19.5%,05,7th,"27,142",New York 
incumbent,Democratic,Jeffries,72.4%,05,8th,"93,295",New York 
/,Republican,Dashevsky,27.6%,05,8th,"35,486",New York 
incumbent,Democratic,Clarke,82.2%,05,9th,"111,162",New York 
/,/,Raitport,17.8%,05,9th,"24,143",New York 
incumbent,Democratic,Goldman,83.9%,05,10th,"149,261",New York 
/,Republican,Hamdan,15.3%,05,10th,"27,230",New York 
/,/,Speer,0.8%,05,10th,"1,357",New York 
incumbent,Republican,Malliotakis,62.1%,05,11th,"113,485",New York 
/,Democratic,Rose,37.9%,05,11th,"69,241",New York 
incumbent,Democratic,Nadler,81.7%,05,12th,"186,357",New York 
/,Republican,Zumbluskas,18.1%,05,12th,"41,264",New York 
/,/,Itkis,0.3%,05,12th,583,New York 
incumbent,Democratic,Espaillat,0,05,13th,0,New York 
incumbent,Democratic,Ocasio-Cortez,70.6%,05,14th,"78,788",New York 
/,Republican,Forte,27.5%,05,14th,"30,661",New York 
/,/,Cuellar,1.9%,05,14th,"2,128",New York 
incumbent,Democratic,Torres,82.6%,05,15th,"72,610",New York 
/,Republican,Sapaskis,17.4%,05,15th,"15,265",New York 
incumbent,Democratic,Bowman,64.2%,05,16th,"131,550",New York 
/,Republican,Flisser,35.8%,05,16th,"73,385",New York 
incumbent,Republican,Lawler,50.4%,05,17th,"142,206",New York 
/,Democratic,Maloney,49.6%,05,17th,"139,892",New York 
incumbent,Democratic,Ryan,50.5%,05,18th,"132,365",New York 
/,Republican,Schmitt,49.5%,05,18th,"129,757",New York 
incumbent,Republican,Molinaro,51.1%,05,19th,"144,075",New York 
/,Democratic,Riley,48.9%,05,19th,"137,873",New York 
incumbent,Democratic,Tonko,55.0%,05,20th,"159,015",New York 
/,Republican,Joy,45.0%,05,20th,"130,012",New York 
incumbent,Republican,Stefanik,59.4%,05,21st,"166,536",New York 
/,Democratic,Castelli,40.6%,05,21st,"113,882",New York 
incumbent,Republican,Williams,50.5%,05,22nd,"135,061",New York 
/,Democratic,Conole,49.5%,05,22nd,"132,432",New York 
incumbent,Republican,Langworthy,65.0%,05,23rd,"189,790",New York 
/,Democratic,Della Pia,35.0%,05,23rd,"102,323",New York 
incumbent,Republican,Tenney,66.4%,05,24th,"181,679",New York 
/,Democratic,Holden,33.6%,05,24th,"91,793",New York 
incumbent,Democratic,Morelle,53.6%,05,25th,"148,681",New York 
/,Republican,Singletary,46.4%,05,25th,"128,502",New York 
incumbent,Democratic,Higgins,63.9%,05,26th,"154,477",New York 
/,Republican,Sams,36.1%,05,26th,"87,189",New York 
incumbent,Democratic,Davis,52.4%,01,1st,"134,996",North Carolina 
/,Republican,Smith,47.6%,01,1st,"122,780",North Carolina 
incumbent,Democratic,Ross,64.7%,01,2nd,"190,714",North Carolina 
/,Republican,Villaverde,35.3%,01,2nd,"104,155",North Carolina 
incumbent,Republican,Murphy,66.9%,01,3rd,"166,520",North Carolina 
/,Democratic,Gaskins,33.1%,01,3rd,"82,378",North Carolina 
incumbent,Democratic,Foushee,66.9%,01,4th,"194,983",North Carolina 
/,Republican,Geels,33.1%,01,4th,"96,442",North Carolina 
incumbent,Republican,Foxx,63.2%,01,5th,"175,279",North Carolina 
/,Democratic,Parrish,36.8%,01,5th,"102,269",North Carolina 
incumbent,Democratic,Manning,53.9%,01,6th,"139,553",North Carolina 
/,Republican,Castelli,45.0%,01,6th,"116,635",North Carolina 
/,Libertarian Party,Watercott,1.1%,01,6th,"2,810",North Carolina 
incumbent,Republican,Rouzer,57.7%,01,7th,"164,047",North Carolina 
/,Democratic,Graham,42.3%,01,7th,"120,222",North Carolina 
incumbent,Republican,Bishop,69.9%,01,8th,"183,998",North Carolina 
/,Democratic,Huffman,30.1%,01,8th,"79,192",North Carolina 
incumbent,Republican,Hudson,56.5%,01,9th,"131,453",North Carolina 
/,Democratic,Clark,43.5%,01,9th,"101,202",North Carolina 
incumbent,Republican,McHenry,72.7%,01,10th,"194,681",North Carolina 
/,Democratic,Genant,27.3%,01,10th,"73,174",North Carolina 
incumbent,Republican,Edwards,53.8%,01,11th,"174,232",North Carolina 
/,Democratic,Beach-Ferrara,44.5%,01,11th,"144,165",North Carolina 
/,Libertarian Party,Coatney,1.7%,01,11th,"5,515",North Carolina 
incumbent,Democratic,Adams,62.7%,01,12th,"140,494",North Carolina 
/,Republican,Lee,37.3%,01,12th,"83,415",North Carolina 
incumbent,Democratic,Nickel,51.6%,01,13th,"143,090",North Carolina 
/,Republican,Hines,48.4%,01,13th,"134,256",North Carolina 
incumbent,Democratic,Jackson,57.7%,01,14th,"148,738",North Carolina 
/,Republican,Harrigan,42.3%,01,14th,"109,014",North Carolina 
incumbent,Republican,Kelly Armstrong,62.3%,/,/,"147,980",North Dakota 
/,Ind.,Cara Mund,37.7%,/,/,"89,371",North Dakota 
incumbent,Democratic,Landsman,52.5%,02,1st,"151,418",Ohio 
/,Republican,Chabot,47.5%,02,1st,"137,213",Ohio 
incumbent,Republican,Wenstrup,74.5%,02,2nd,"188,300",Ohio 
/,Democratic,Meadows,25.5%,02,2nd,"64,329",Ohio 
incumbent,Democratic,Beatty,70.2%,02,3rd,"174,846",Ohio 
/,Republican,Stahley,29.8%,02,3rd,"74,335",Ohio 
incumbent,Republican,Jordan,69.3%,02,4th,"196,655",Ohio 
/,Democratic,Wilson,30.7%,02,4th,"87,106",Ohio 
incumbent,Republican,Latta,67.0%,02,5th,"184,205",Ohio 
/,Democratic,Swartz,33.0%,02,5th,"90,614",Ohio 
incumbent,Republican,Johnson,67.7%,02,6th,"186,965",Ohio 
/,Democratic,Lyras,32.3%,02,6th,"89,086",Ohio 
incumbent,Republican,Miller,55.4%,02,7th,"164,904",Ohio 
/,Democratic,Diemer,44.6%,02,7th,"132,548",Ohio 
incumbent,Republican,Davidson,64.9%,02,8th,"177,132",Ohio 
/,Democratic,Enoch,35.1%,02,8th,"95,829",Ohio 
incumbent,Democratic,Kaptur,56.5%,02,9th,"147,512",Ohio 
/,Republican,Majewski,43.5%,02,9th,"113,363",Ohio 
incumbent,Republican,Turner,62.2%,02,10th,"161,792",Ohio 
/,Democratic,Esrati,37.8%,02,10th,"98,383",Ohio 
incumbent,Democratic,Brown,77.6%,02,11th,"162,154",Ohio 
/,Republican,Brewer,22.4%,02,11th,"46,862",Ohio 
incumbent,Republican,Balderson,69.5%,02,12th,"187,322",Ohio 
/,Democratic,Rippel-Elton,30.5%,02,12th,"82,101",Ohio 
incumbent,Democratic,Sykes,52.6%,02,13th,"146,621",Ohio 
/,Republican,Gesiotto Gilbert,47.4%,02,13th,"132,181",Ohio 
incumbent,Republican,Joyce,61.9%,02,14th,"180,251",Ohio 
/,Democratic,Kilboy,38.1%,02,14th,"111,155",Ohio 
incumbent,Republican,Carey,57.2%,02,15th,"140,012",Ohio 
/,Democratic,Josephson,42.8%,02,15th,"104,613",Ohio 
incumbent,Republican,Hern,61.2%,OK,1st,"142,620",Oklahoma 
/,Democratic,Martin,34.7%,OK,1st,"80,835",Oklahoma 
/,Ind.,Rogers,4.2%,OK,1st,"9,693",Oklahoma 
incumbent,Republican,Brecheen,72.4%,OK,2nd,"167,687",Oklahoma 
/,Democratic,Andrews,23.4%,OK,2nd,"54,149",Oklahoma 
/,Ind.,Robinson,4.2%,OK,2nd,"9,623",Oklahoma 
incumbent,Republican,Lucas,74.5%,OK,3rd,"147,302",Oklahoma 
/,Democratic,Ross,25.5%,OK,3rd,"50,320",Oklahoma 
incumbent,Republican,Cole,66.8%,OK,4th,"149,777",Oklahoma 
/,Democratic,Brannon,33.2%,OK,4th,"74,598",Oklahoma 
incumbent,Republican,Bice,59.0%,OK,5th,"152,567",Oklahoma 
/,Democratic,Harris-Till,37.4%,OK,5th,"96,709",Oklahoma 
/,Ind.,Frosch,3.6%,OK,5th,"9,318",Oklahoma 
incumbent,Democratic,Bonamici,68.0%,OR,1st,"210,682",Oregon 
/,Republican,Mann,32.0%,OR,1st,"99,042",Oregon 
incumbent,Republican,Bentz,67.6%,OR,2nd,"208,369",Oregon 
/,Democratic,Yetter,32.4%,OR,2nd,"99,882",Oregon 
incumbent,Democratic,Blumenauer,70.0%,OR,3rd,"212,119",Oregon 
/,Republican,Harbour,26.3%,OR,3rd,"79,766",Oregon 
/,/,Delk,3.6%,OR,3rd,"10,982",Oregon 
incumbent,Democratic,Hoyle,50.6%,OR,4th,"171,372",Oregon 
/,Republican,Skarlatos,43.1%,OR,4th,"146,055",Oregon 
/,Ind.,Leatherberry,2.7%,OR,4th,"9,052",Oregon 
/,/,Howard,1.8%,OR,4th,"6,075",Oregon 
/,/,Beilstein,1.8%,OR,4th,"6,033",Oregon 
incumbent,Republican,Chavez-DeRemer,51.0%,OR,5th,"178,813",Oregon 
/,Democratic,McLeod-Skinner,49.0%,OR,5th,"171,514",Oregon 
incumbent,Democratic,Salinas,50.1%,OR,6th,"147,156",Oregon 
/,Republican,Erickson,47.6%,OR,6th,"139,946",Oregon 
/,/,McFarland,2.3%,OR,6th,"6,762",Oregon 
incumbent,Republican,Fitzpatrick,54.9%,02,1st,"201,567",Pennsylvania 
/,Democratic,Ehasz,45.1%,02,1st,"165,796",Pennsylvania 
incumbent,Democratic,Boyle,75.7%,02,2nd,"141,229",Pennsylvania 
/,Republican,Bashir,24.3%,02,2nd,"45,454",Pennsylvania 
incumbent,Democratic,Evans,95.1%,02,3rd,"251,116",Pennsylvania 
/,/,Hoeppner,4.9%,02,3rd,"12,820",Pennsylvania 
incumbent,Democratic,Dean,61.3%,02,4th,"224,799",Pennsylvania 
/,Republican,Nascimento,38.7%,02,4th,"141,986",Pennsylvania 
incumbent,Democratic,Scanlon,65.1%,02,5th,"205,128",Pennsylvania 
/,Republican,Galluch,34.9%,02,5th,"110,058",Pennsylvania 
incumbent,Democratic,Houlahan,58.3%,02,6th,"190,386",Pennsylvania 
/,Republican,Ciarrocchi,41.7%,02,6th,"136,097",Pennsylvania 
incumbent,Democratic,Wild,51.0%,02,7th,"151,358",Pennsylvania 
/,Republican,Scheller,49.0%,02,7th,"145,523",Pennsylvania 
incumbent,Democratic,Cartwright,51.2%,02,8th,"146,502",Pennsylvania 
/,Republican,Bognet,48.8%,02,8th,"139,468",Pennsylvania 
incumbent,Republican,Meuser,69.3%,02,9th,"208,413",Pennsylvania 
/,Democratic,Waldman,30.7%,02,9th,"92,258",Pennsylvania 
incumbent,Republican,Perry,53.9%,02,10th,"168,810",Pennsylvania 
/,Democratic,Daniels,46.1%,02,10th,"144,161",Pennsylvania 
incumbent,Republican,Smucker,61.6%,02,11th,"194,392",Pennsylvania 
/,Democratic,Hollister,38.4%,02,11th,"121,089",Pennsylvania 
incumbent,Democratic,Lee,56.2%,02,12th,"184,674",Pennsylvania 
/,Republican,Doyle,43.8%,02,12th,"143,846",Pennsylvania 
incumbent,Republican,Joyce,0,02,13th,0,Pennsylvania 
incumbent,Republican,Reschenthaler,0,02,14th,0,Pennsylvania 
incumbent,Republican,Thompson,70.0%,02,15th,"213,818",Pennsylvania 
/,Democratic,Molesevich,30.0%,02,15th,"91,670",Pennsylvania 
incumbent,Republican,Kelly,59.4%,02,16th,"190,064",Pennsylvania 
/,Democratic,Pastore,40.6%,02,16th,"130,003",Pennsylvania 
incumbent,Democratic,Deluzio,53.4%,02,17th,"193,393",Pennsylvania 
/,Republican,Shaffer,46.6%,02,17th,"168,902",Pennsylvania 
incumbent,Democratic,Cicilline,64.1%,RI,1st,"99,802",Rhode Island 
/,Republican,Waters,35.9%,RI,1st,"55,909",Rhode Island 
incumbent,Democratic,Magaziner,50.5%,RI,2nd,"100,919",Rhode Island 
/,Republican,Fung,46.8%,RI,2nd,"93,637",Rhode Island 
/,Ind.,Gilbert,2.7%,RI,2nd,"5,454",Rhode Island 
incumbent,Republican,Mace,56.5%,SC,1st,"153,757",South Carolina 
/,Democratic,Andrews,42.5%,SC,1st,"115,796",South Carolina 
/,/,Oddo,1.0%,SC,1st,"2,634",South Carolina 
incumbent,Republican,Wilson,60.1%,SC,2nd,"147,699",South Carolina 
/,Democratic,Larkins,39.9%,SC,2nd,"98,081",South Carolina 
incumbent,Republican,Duncan,0,SC,3rd,0,South Carolina 
incumbent,Republican,Timmons,0,SC,4th,0,South Carolina 
incumbent,Republican,Norman,64.0%,SC,5th,"154,725",South Carolina 
/,Democratic,Hundley,34.5%,SC,5th,"83,299",South Carolina 
/,Green Party,Gaither,1.5%,SC,5th,"3,547",South Carolina 
incumbent,Democratic,Clyburn,62.1%,SC,6th,"130,923",South Carolina 
/,Republican,Buckner,37.9%,SC,6th,"79,879",South Carolina 
incumbent,Republican,Fry,64.9%,SC,7th,"164,440",South Carolina 
/,Democratic,Scott,35.1%,SC,7th,"89,030",South Carolina 
incumbent,Republican,Dusty Johnson,77.4%,/,/,"253,786",South Dakota 
/,Libertarian Party,Collin Duprel,22.6%,/,/,"74,010",South Dakota 
incumbent,Republican,Harshbarger,78.3%,01,1st,"147,253",Tennessee 
/,Democratic,Parsons,19.7%,01,1st,"37,032",Tennessee 
/,Ind.,Baker,1.3%,01,1st,"2,466",Tennessee 
/,Ind.,Makrom,0.7%,01,1st,"1,245",Tennessee 
incumbent,Republican,Burchett,67.9%,01,2nd,"141,041",Tennessee 
/,Democratic,Harmon,32.1%,01,2nd,"66,637",Tennessee 
incumbent,Republican,Fleischmann,68.3%,01,3rd,"136,193",Tennessee 
/,Democratic,Gorman,30.2%,01,3rd,"60,250",Tennessee 
/,Ind.,Tyler,0.9%,01,3rd,"1,731",Tennessee 
/,Ind.,Rumba,0.6%,01,3rd,"1,117",Tennessee 
incumbent,Republican,DesJarlais,70.6%,01,4th,"122,336",Tennessee 
/,Democratic,Steele,25.7%,01,4th,"44,628",Tennessee 
/,Ind.,Winton,1.6%,01,4th,"2,834",Tennessee 
/,Ind.,Benson,1.0%,01,4th,"1,804",Tennessee 
/,Ind.,Jones,0.4%,01,4th,708,Tennessee 
/,Ind.,Chandler,0.3%,01,4th,584,Tennessee 
/,Ind.,Magyer,0.3%,01,4th,454,Tennessee 
incumbent,Republican,Ogles,55.9%,01,5th,"123,358",Tennessee 
/,Democratic,Campbell,42.3%,01,5th,"93,375",Tennessee 
/,Ind.,Brantley,0.9%,01,5th,"2,083",Tennessee 
/,Ind.,Cooper,0.5%,01,5th,"1,125",Tennessee 
/,Ind.,Shannon,0.4%,01,5th,846,Tennessee 
incumbent,Republican,Rose,66.3%,01,6th,"129,311",Tennessee 
/,Democratic,Cooper,33.7%,01,6th,"65,598",Tennessee 
incumbent,Republican,Green,60.0%,01,7th,"108,358",Tennessee 
/,Democratic,Kelly,38.1%,01,7th,"68,897",Tennessee 
/,Ind.,Hooper,1.9%,01,7th,"3,423",Tennessee 
incumbent,Republican,Kustoff,73.9%,01,8th,"156,628",Tennessee 
/,Democratic,Williams,24.4%,01,8th,"51,826",Tennessee 
/,Ind.,Hart,1.2%,01,8th,"2,532",Tennessee 
/,Ind.,Henley,0.5%,01,8th,"1,062",Tennessee 
incumbent,Democratic,Cohen,70.0%,01,9th,"93,755",Tennessee 
/,Republican,Bergmann,26.2%,01,9th,"35,112",Tennessee 
/,Ind.,Flinn,2.5%,01,9th,"3,348",Tennessee 
/,Ind.,Clark,0.9%,01,9th,"1,160",Tennessee 
/,Ind.,Cook,0.4%,01,9th,484,Tennessee 
incumbent,Republican,Moran,78.1%,01,1st,"183,005",Texas 
/,Democratic,Jefferson,21.9%,01,1st,"51,288",Texas 
incumbent,Republican,Crenshaw,65.9%,01,2nd,"151,369",Texas 
/,Democratic,Fulford,34.1%,01,2nd,"78,216",Texas 
incumbent,Republican,Self,60.6%,01,3rd,"163,945",Texas 
/,Democratic,Srivastava,36.9%,01,3rd,"99,764",Texas 
/,Libertarian Party,Claytor,2.5%,01,3rd,"6,890",Texas 
incumbent,Republican,Fallon,66.8%,01,4th,"170,467",Texas 
/,Democratic,Omere,30.9%,01,4th,"78,866",Texas 
/,Libertarian Party,Simmons,2.4%,01,4th,"6,035",Texas 
incumbent,Republican,Gooden,64.1%,01,5th,"135,990",Texas 
/,Democratic,Hill,33.8%,01,5th,"71,770",Texas 
/,Libertarian Party,Hale,2.0%,01,5th,"4,296",Texas 
incumbent,Republican,Ellzey,0,01,6th,0,Texas 
incumbent,Democratic,Fletcher,63.8%,01,7th,"115,390",Texas 
/,Republican,Teague,36.2%,01,7th,"65,593",Texas 
incumbent,Republican,Luttrell,68.1%,01,8th,"152,797",Texas 
/,Democratic,Jones,30.5%,01,8th,"68,485",Texas 
/,Libertarian Party,Eriksen,1.4%,01,8th,"3,117",Texas 
incumbent,Democratic,Green,76.7%,01,9th,"124,893",Texas 
/,Republican,Leon,23.3%,01,9th,"38,019",Texas 
incumbent,Republican,McCaul,63.3%,01,10th,"158,784",Texas 
/,Democratic,Nuno,34.3%,01,10th,"86,123",Texas 
/,Libertarian Party,Kelsey,2.4%,01,10th,"6,051",Texas 
incumbent,Republican,Pfluger,0,01,11th,0,Texas 
incumbent,Republican,Granger,64.3%,01,12th,"152,732",Texas 
/,Democratic,Hunt,35.7%,01,12th,"84,879",Texas 
incumbent,Republican,Jackson,75.4%,01,13th,"161,562",Texas 
/,Democratic,Brown,24.6%,01,13th,"52,739",Texas 
incumbent,Republican,Weber,68.6%,01,14th,"149,317",Texas 
/,Democratic,Williams,31.4%,01,14th,"68,386",Texas 
incumbent,Republican,De La Cruz,53.3%,01,15th,"80,869",Texas 
/,Democratic,Vallejo,44.8%,01,15th,"67,913",Texas 
/,Libertarian Party,Leone,1.9%,01,15th,"2,808",Texas 
incumbent,Democratic,Escobar,63.3%,01,16th,"94,266",Texas 
/,Republican,Armendariz-Jackson,36.7%,01,16th,"54,697",Texas 
incumbent,Republican,Sessions,66.5%,01,17th,"144,183",Texas 
/,Democratic,Woods,33.5%,01,17th,"72,647",Texas 
incumbent,Democratic,Jackson Lee,70.7%,01,18th,"109,968",Texas 
/,Republican,Montiel,26.2%,01,18th,"40,761",Texas 
/,Ind.,Duncan,1.8%,01,18th,"2,753",Texas 
/,Libertarian Party,Kurtz,1.3%,01,18th,"2,044",Texas 
incumbent,Republican,Arrington,80.4%,01,19th,"152,042",Texas 
/,Ind.,Lewis,19.6%,01,19th,"37,158",Texas 
incumbent,Democratic,Castro,68.4%,01,20th,"114,822",Texas 
/,Republican,Sinclair,31.6%,01,20th,"53,059",Texas 
incumbent,Republican,Roy,62.9%,01,21st,"206,786",Texas 
/,Democratic,Zapata,37.1%,01,21st,"121,936",Texas 
incumbent,Republican,Nehls,62.3%,01,22nd,"149,757",Texas 
/,Democratic,Jordan,35.5%,01,22nd,"85,440",Texas 
/,Libertarian Party,LeBlanc,2.2%,01,22nd,"5,362",Texas 
incumbent,Republican,Gonzales,55.9%,01,23rd,"116,172",Texas 
/,Democratic,Lira,38.7%,01,23rd,"80,430",Texas 
/,Ind.,Lopez,5.4%,01,23rd,"11,123",Texas 
incumbent,Republican,Van Duyne,59.8%,01,24th,"177,121",Texas 
/,Democratic,McDowell,40.2%,01,24th,"119,097",Texas 
incumbent,Republican,Williams,0,01,25th,0,Texas 
incumbent,Republican,Burgess,69.3%,01,26th,"183,379",Texas 
/,Libertarian Party,Kolls,30.7%,01,26th,"81,208",Texas 
incumbent,Republican,Cloud,64.5%,01,27th,"133,286",Texas 
/,Democratic,Perez,35.5%,01,27th,"73,370",Texas 
incumbent,Democratic,Cuellar,56.6%,01,28th,"93,393",Texas 
/,Republican,Garcia,43.4%,01,28th,"71,564",Texas 
incumbent,Democratic,Garcia,71.4%,01,29th,"71,379",Texas 
/,Republican,Schafranek,28.6%,01,29th,"28,635",Texas 
incumbent,Democratic,Crockett,75.0%,01,30th,"134,011",Texas 
/,Republican,Rodgers,21.8%,01,30th,"39,022",Texas 
/,Ind.,Manning,2.1%,01,30th,"3,807",Texas 
/,Libertarian Party,Gray,1.0%,01,30th,"1,862",Texas 
incumbent,Republican,Carter,0,01,31st,0,Texas 
incumbent,Democratic,Allred,65.3%,01,32nd,"115,350",Texas 
/,Republican,Swad,34.7%,01,32nd,"61,232",Texas 
incumbent,Democratic,Veasey,72.0%,01,33rd,"81,764",Texas 
/,Republican,Gillespie,25.6%,01,33rd,"29,099",Texas 
/,Libertarian Party,Ashby,2.4%,01,33rd,"2,736",Texas 
incumbent,Democratic,Gonzalez,52.7%,01,34th,"70,759",Texas 
/,Republican,Flores,44.3%,01,34th,"59,404",Texas 
/,Ind.,Royal,3.0%,01,34th,"4,076",Texas 
incumbent,Democratic,Casar,72.6%,01,35th,"129,084",Texas 
/,Republican,McQueen,27.4%,01,35th,"48,831",Texas 
incumbent,Republican,Babin,69.5%,01,36th,"145,142",Texas 
/,Democratic,Haire,30.5%,01,36th,"63,697",Texas 
incumbent,Democratic,Doggett,76.8%,01,37th,"219,149",Texas 
/,Republican,Garcia Sharon,21.0%,01,37th,"59,879",Texas 
/,Libertarian Party,Patterson,2.2%,01,37th,"6,329",Texas 
incumbent,Republican,Hunt,63.0%,01,38th,"162,992",Texas 
/,Democratic,Klussmann,35.5%,01,38th,"91,768",Texas 
/,Ind.,Dejean,1.5%,01,38th,"3,953",Texas 
incumbent,Republican,Moore,67.0%,UT,1st,"178,434",Utah 
/,Democratic,Jones,33.0%,UT,1st,"87,986",Utah 
incumbent,Republican,Stewart,59.7%,UT,2nd,"154,883",Utah 
/,Democratic,Mitchell,34.0%,UT,2nd,"88,224",Utah 
/,/,McFarland,3.3%,UT,2nd,"8,622",Utah 
/,/,Easley,3.0%,UT,2nd,"7,670",Utah 
incumbent,Republican,Curtis,64.4%,UT,3rd,"182,497",Utah 
/,Democratic,Wright,29.5%,UT,3rd,"83,687",Utah 
/,Libertarian Party,Stoddard,2.9%,UT,3rd,"8,287",Utah 
incumbent,Republican,Owens,61.1%,UT,4th,"155,110",Utah 
/,Democratic,McDonald,32.4%,UT,4th,"82,181",Utah 
/,/,Walker,6.6%,UT,4th,"16,740",Utah 
incumbent,Democratic,Becca Balint,62.7%,/,/,"175,484",Vermont 
/,Republican,Liam Madden,27.9%,/,/,"78,167",Vermont 
/,Libertarian Party,Ericka Redic,4.5%,/,/,"12,563",Vermont 
incumbent,Republican,Wittman,56.5%,03,1st,"197,789",Virginia 
/,Democratic,Jones,42.5%,03,1st,"148,884",Virginia 
/,Ind.,Foster,1.0%,03,1st,"3,391",Virginia 
incumbent,Republican,Kiggans,51.7%,03,2nd,"153,328",Virginia 
/,Democratic,Luria,48.3%,03,2nd,"143,219",Virginia 
incumbent,Democratic,Scott,67.4%,03,3rd,"139,659",Virginia 
/,Republican,Namkung,32.6%,03,3rd,"67,668",Virginia 
incumbent,Democratic,McEachin,64.4%,03,4th,"159,912",Virginia 
/,Republican,Benjamin,35.6%,03,4th,"88,587",Virginia 
incumbent,Republican,Good,57.7%,03,5th,"177,191",Virginia 
/,Democratic,Throneburg,42.3%,03,5th,"129,996",Virginia 
incumbent,Republican,Cline,64.5%,03,6th,"173,352",Virginia 
/,Democratic,Lewis,35.5%,03,6th,"95,410",Virginia 
incumbent,Democratic,Spanberger,52.3%,03,7th,"143,357",Virginia 
/,Republican,Vega,47.7%,03,7th,"130,586",Virginia 
incumbent,Democratic,Beyer,73.7%,03,8th,"197,760",Virginia 
/,Republican,Lipsman,24.8%,03,8th,"66,589",Virginia 
/,Ind.,Fikre,1.5%,03,8th,"4,078",Virginia 
incumbent,Republican,Griffith,73.4%,03,9th,"182,207",Virginia 
/,Democratic,DeVaughan,26.6%,03,9th,"66,027",Virginia 
incumbent,Democratic,Wexton,53.3%,03,10th,"157,405",Virginia 
/,Republican,Cao,46.7%,03,10th,"138,163",Virginia 
incumbent,Democratic,Connolly,66.9%,03,11th,"193,190",Virginia 
/,Republican,Myles,33.1%,03,11th,"95,634",Virginia 
incumbent,Democratic,DelBene,63.6%,01,1st,"181,992",Washington 
/,Republican,Cavaleri,36.4%,01,1st,"104,329",Washington 
incumbent,Democratic,Larsen,60.2%,01,2nd,"202,980",Washington 
/,Republican,Matthews,39.8%,01,2nd,"134,335",Washington 
incumbent,Democratic,Gluesenkamp Perez,50.4%,01,3rd,"160,314",Washington 
/,Republican,Kent,49.6%,01,3rd,"157,685",Washington 
incumbent,Republican,Newhouse,68.1%,01,4th,"150,619",Washington 
/,Democratic,White,31.9%,01,4th,"70,710",Washington 
incumbent,Republican,McMorris Rodgers,59.7%,01,5th,"188,648",Washington 
/,Democratic,Hill,40.3%,01,5th,"127,585",Washington 
incumbent,Democratic,Kilmer,60.1%,01,6th,"208,710",Washington 
/,Republican,Kreiselmaier,39.9%,01,6th,"138,754",Washington 
incumbent,Democratic,Jayapal,85.7%,01,7th,"295,998",Washington 
/,Republican,Moon,14.3%,01,7th,"49,207",Washington 
incumbent,Democratic,Schrier,53.4%,01,8th,"179,003",Washington 
/,Republican,Larkin,46.6%,01,8th,"155,976",Washington 
incumbent,Democratic,Smith,71.7%,01,9th,"171,746",Washington 
/,Republican,Basler,28.3%,01,9th,"67,631",Washington 
incumbent,Democratic,Strickland,57.1%,01,10th,"152,544",Washington 
/,Republican,Swank,42.9%,01,10th,"114,777",Washington 
incumbent,Republican,Miller,66.7%,WV,1st,"151,511",West Virginia 
/,Democratic,Watson,28.8%,WV,1st,"65,428",West Virginia 
/,Ind.,Fox-Spencer,4.5%,WV,1st,"10,257",West Virginia 
incumbent,Republican,Mooney,65.6%,WV,2nd,"160,493",West Virginia 
/,Democratic,Wendell,34.4%,WV,2nd,"84,278",West Virginia 
incumbent,Republican,Steil,54.1%,WI,1st,"162,566",Wisconsin 
/,Democratic,Roe,45.2%,WI,1st,"135,791",Wisconsin 
/,Ind.,Barman,0.7%,WI,1st,"2,247",Wisconsin 
incumbent,Democratic,Pocan,71.0%,WI,2nd,"268,740",Wisconsin 
/,Republican,Olsen,26.9%,WI,2nd,"101,889",Wisconsin 
/,Ind.,Alexander,2.0%,WI,2nd,"7,689",Wisconsin 
incumbent,Republican,Van Orden,51.8%,WI,3rd,"164,633",Wisconsin 
/,Democratic,Pfaff,48.2%,WI,3rd,"152,939",Wisconsin 
incumbent,Democratic,Moore,75.4%,WI,4th,"192,226",Wisconsin 
/,Republican,Rogers,22.6%,WI,4th,"57,660",Wisconsin 
/,Ind.,Raymond,2.0%,WI,4th,"5,165",Wisconsin 
incumbent,Republican,Fitzgerald,64.4%,WI,5th,"243,734",Wisconsin 
/,Democratic,Van Someren,35.6%,WI,5th,"134,572",Wisconsin 
incumbent,Republican,Grothman,0,WI,6th,0,Wisconsin 
incumbent,Republican,Tiffany,61.9%,WI,7th,"209,270",Wisconsin 
/,Democratic,Ausman,38.1%,WI,7th,"128,895",Wisconsin 
incumbent,Republican,Gallagher,73.5%,WI,8th,"223,806",Wisconsin 
/,Ind.,Boucher,16.0%,WI,8th,"48,757",Wisconsin 
/,Libertarian Party,VandenPlas,10.5%,WI,8th,"32,043",Wisconsin 
incumbent,Republican,Harriet Hageman,69.8%,/,/,"132,215",Wyoming 
/,Democratic,Lynnette GreyBull,24.9%,/,/,"47,241",Wyoming 
/,Libertarian Party,Richard Brubaker,2.9%,/,/,"5,420",Wyoming 
/,/,Marissa Selvig,2.4%,/,/,"4,503",Wyoming 
